{
    "avg_elec_price": 0.3723428633379239,
    "charge_percent_avg": 0.7046310803152285,
    "charge_percent_sigma": 0.03802843447825906,
    "reward_avg": 1.444971123717481,
    "reward_sigma": 0.15732707250697772,
    "tot_energy_percent": 0.7321770271304713
}