{
    "avg_elec_price": 0.3844606890132371,
    "charge_percent_avg": 0.6971544303555084,
    "charge_percent_sigma": 0.012195114938550891,
    "reward_avg": 1.7615322067523398,
    "reward_sigma": 0.06489558541569858,
    "tot_energy_percent": 0.7473654137713703
}