{
    "avg_elec_price": 0.18306407931212354,
    "charge_percent_avg": 0.534236226891708,
    "charge_percent_sigma": 0.04502154741505823,
    "reward_avg": 0.7286938200913373,
    "reward_sigma": 0.10508778027796309,
    "tot_energy_percent": 0.5374165977393139
}