{
    "avg_elec_price": 0.15557587498389283,
    "charge_percent_avg": 0.5683523794476938,
    "charge_percent_sigma": 0.01390035033924646,
    "reward_avg": 0.9570991636568911,
    "reward_sigma": 0.04054051270558772,
    "tot_energy_percent": 0.5549588088463582
}