{
    "avg_elec_price": 0.5436523133983058,
    "charge_percent_avg": 0.7064424064261722,
    "charge_percent_sigma": 0.009774352726168278,
    "reward_avg": 54.2448466121212,
    "reward_sigma": 1.9565751495116077,
    "tot_energy_percent": 0.6760000313313257
}