{
    "avg_elec_price": 0.5150504103970744,
    "charge_percent_avg": 0.6080253484094876,
    "charge_percent_sigma": 0.0031276207764902694,
    "reward_avg": 47.31154758181818,
    "reward_sigma": 0.5651491461390163,
    "tot_energy_percent": 0.5390852334862989
}