{
    "avg_elec_price": 0.4231499441153908,
    "charge_percent_avg": 0.3212205257045712,
    "charge_percent_sigma": 0.003330919117217451,
    "reward_avg": 7.77321982006633,
    "reward_sigma": 0.13656418260002998,
    "tot_energy_percent": 0.3065490265928773
}