{
    "avg_elec_price": 0.3692570558799733,
    "charge_percent_avg": 0.31197120483990814,
    "charge_percent_sigma": 0.010377387561979791,
    "reward_avg": 7.692962069832377,
    "reward_sigma": 0.45389728174307514,
    "tot_energy_percent": 0.3156366160423002
}