{
    "avg_elec_price": 0.23133865754901586,
    "charge_percent_avg": 0.5528189224736016,
    "charge_percent_sigma": 0.04045162764185708,
    "reward_avg": 0.6602974991768963,
    "reward_sigma": 0.09929936627072826,
    "tot_energy_percent": 0.5694730136738992
}