{
    "avg_elec_price": 0.20271752585422512,
    "charge_percent_avg": 0.5876614409252888,
    "charge_percent_sigma": 0.013008295836978987,
    "reward_avg": 0.9206636776688878,
    "reward_sigma": 0.04075107134664219,
    "tot_energy_percent": 0.6112232573910454
}