{
    "avg_elec_price": 0.1940840435080503,
    "charge_percent_avg": 0.610410393604738,
    "charge_percent_sigma": 0.014051006046176649,
    "reward_avg": 1.837314628192024,
    "reward_sigma": 0.07027224353093804,
    "tot_energy_percent": 0.6084237343694301
}