{
    "avg_elec_price": 0.20734550286475692,
    "charge_percent_avg": 0.567736499847274,
    "charge_percent_sigma": 0.04370142650534975,
    "reward_avg": 1.4179046149417338,
    "reward_sigma": 0.16821254617148915,
    "tot_energy_percent": 0.5682317725585904
}