{
    "avg_elec_price": 0.5332764739767137,
    "charge_percent_avg": 0.09785465781771585,
    "charge_percent_sigma": 0.005486339422664337,
    "reward_avg": 0.8063745195062084,
    "reward_sigma": 0.08308076424654728,
    "tot_energy_percent": 0.08629252106563512
}