{
    "avg_elec_price": 0.49974030393059327,
    "charge_percent_avg": 0.09366937334292594,
    "charge_percent_sigma": 0.0017671825917518478,
    "reward_avg": 0.7667914225830068,
    "reward_sigma": 0.021944791158699864,
    "tot_energy_percent": 0.07259387879055312
}