{
    "avg_elec_price": 0.3614115160819547,
    "charge_percent_avg": 0.26416425836131047,
    "charge_percent_sigma": 0.003223458591652381,
    "reward_avg": 5.909226778948805,
    "reward_sigma": 0.10052382834958493,
    "tot_energy_percent": 0.21897089438533668
}