{
    "avg_elec_price": 0.367013169273058,
    "charge_percent_avg": 0.2524735535080513,
    "charge_percent_sigma": 0.00985789546781066,
    "reward_avg": 5.376644817904243,
    "reward_sigma": 0.31755510779937457,
    "tot_energy_percent": 0.20934244149708703
}