{
    "avg_elec_price": 0.3337902651453751,
    "charge_percent_avg": 0.4265736594705273,
    "charge_percent_sigma": 0.0037543880817422913,
    "reward_avg": 5.589912891146758,
    "reward_sigma": 0.07864697672253815,
    "tot_energy_percent": 0.3859233205125038
}