{
    "avg_elec_price": 0.2985990974100661,
    "charge_percent_avg": 0.420429438237537,
    "charge_percent_sigma": 0.01182551138456007,
    "reward_avg": 5.4933004934910965,
    "reward_sigma": 0.23388429419933363,
    "tot_energy_percent": 0.39456702390039533
}