{
    "avg_elec_price": 0.584099257992974,
    "charge_percent_avg": 0.08058343397974323,
    "charge_percent_sigma": 0.004781988694295911,
    "reward_avg": 2.9145546940889004,
    "reward_sigma": 0.19420554896349343,
    "tot_energy_percent": 0.08014549807592942
}