{
    "avg_elec_price": 0.3885363212026559,
    "charge_percent_avg": 0.44682604912073925,
    "charge_percent_sigma": 0.010945145304842543,
    "reward_avg": 17.875727856194455,
    "reward_sigma": 0.9064067664787755,
    "tot_energy_percent": 0.40699653211243175
}