{
    "avg_elec_price": 0.37743815414802717,
    "charge_percent_avg": 0.5069402619070477,
    "charge_percent_sigma": 0.0034392465373051778,
    "reward_avg": 19.83899292344605,
    "reward_sigma": 0.29879597539811603,
    "tot_energy_percent": 0.42432664142931187
}