{
    "avg_elec_price": 0.4299020502160319,
    "charge_percent_avg": 0.49775020015839816,
    "charge_percent_sigma": 0.04046026379094738,
    "reward_avg": 0.8338282959072769,
    "reward_sigma": 0.09490801270923015,
    "tot_energy_percent": 0.4564851467636202
}