{
    "avg_elec_price": 0.6163564975649566,
    "charge_percent_avg": 0.6155939149235686,
    "charge_percent_sigma": 0.003792482797750388,
    "reward_avg": 24.845161508469623,
    "reward_sigma": 0.3261487639744275,
    "tot_energy_percent": 0.6145001913033599
}