{
    "avg_elec_price": 0.602275789406233,
    "charge_percent_avg": 0.6324941978098862,
    "charge_percent_sigma": 0.011852192728315617,
    "reward_avg": 23.002944970457403,
    "reward_sigma": 1.040215074951879,
    "tot_energy_percent": 0.6173959064849226
}