{
    "avg_elec_price": 0.3638060611745753,
    "charge_percent_avg": 0.6323682977810684,
    "charge_percent_sigma": 0.014512596676101913,
    "reward_avg": 1.7998555030818055,
    "reward_sigma": 0.0740007733731257,
    "tot_energy_percent": 0.7374201737202601
}