{
    "avg_elec_price": 0.36071088231177995,
    "charge_percent_avg": 0.6417648001955573,
    "charge_percent_sigma": 0.0450195582074916,
    "reward_avg": 1.422501598358218,
    "reward_sigma": 0.1631383048399171,
    "tot_energy_percent": 0.7155174045190102
}