{
    "avg_elec_price": 0.2672217242358544,
    "charge_percent_avg": 0.6284701923663601,
    "charge_percent_sigma": 0.01327968144974126,
    "reward_avg": 1.7932621931853259,
    "reward_sigma": 0.0713844460422771,
    "tot_energy_percent": 0.6432873696867407
}