{
    "avg_elec_price": 0.2836972240907942,
    "charge_percent_avg": 0.6126368037273605,
    "charge_percent_sigma": 0.04020731101929026,
    "reward_avg": 1.3571076675274112,
    "reward_sigma": 0.15602380195858734,
    "tot_energy_percent": 0.6001242520884649
}