{
    "avg_elec_price": 0.6016760615974978,
    "charge_percent_avg": 0.6251719180408809,
    "charge_percent_sigma": 0.0035407083844740035,
    "reward_avg": 51.708021371515144,
    "reward_sigma": 0.5650766656633381,
    "tot_energy_percent": 0.5902092412169538
}