{
    "avg_elec_price": 0.5837326802363203,
    "charge_percent_avg": 0.7128869435335435,
    "charge_percent_sigma": 0.010199504222356626,
    "reward_avg": 52.539896121212124,
    "reward_sigma": 1.8114865679876855,
    "tot_energy_percent": 0.6587439799918078
}