{
    "avg_elec_price": 0.4746528609605049,
    "charge_percent_avg": 0.8155129109810982,
    "charge_percent_sigma": 0.010330994880179281,
    "reward_avg": 3.4043667027768105,
    "reward_sigma": 0.10698527597767926,
    "tot_energy_percent": 0.8778373936741538
}