{
    "avg_elec_price": 0.4916301035711683,
    "charge_percent_avg": 0.7738945920305711,
    "charge_percent_sigma": 0.03618220733403927,
    "reward_avg": 2.5933661831151675,
    "reward_sigma": 0.22792535952971976,
    "tot_energy_percent": 0.83335496245898
}