{
    "avg_elec_price": 0.286291816824486,
    "charge_percent_avg": 0.2460720826148194,
    "charge_percent_sigma": 0.009379558024895441,
    "reward_avg": 7.037108294004656,
    "reward_sigma": 0.38389060493917604,
    "tot_energy_percent": 0.23790140944053528
}