{
    "avg_elec_price": 0.3345473687118823,
    "charge_percent_avg": 0.26909516396364314,
    "charge_percent_sigma": 0.003110512642358237,
    "reward_avg": 5.854581277892286,
    "reward_sigma": 0.12674062805176073,
    "tot_energy_percent": 0.20542763675185538
}