{
    "avg_elec_price": 0.42347970927229805,
    "charge_percent_avg": 0.763093892756681,
    "charge_percent_sigma": 0.012272975058167114,
    "reward_avg": 3.2366735457977325,
    "reward_sigma": 0.10939354116149493,
    "tot_energy_percent": 0.8062582317123363
}