{
    "avg_elec_price": 0.4460714023316366,
    "charge_percent_avg": 0.7527494798062022,
    "charge_percent_sigma": 0.040373809557661934,
    "reward_avg": 2.5979025190009715,
    "reward_sigma": 0.23727112573185194,
    "tot_energy_percent": 0.8104017802873323
}